ko	cefoperazone	clindamycin	streptomycin	germfree	variance	definition
K02406	325	384	331	65	20536.9166666667	Flagellin
K02469	21	15	12	13	16.25	GyrA
K03040	158	99	71	233	5138.25	RpoA
K06334	0	352	28	4	29280	CotJC
K10670	383	525	543	85	44854.6666666667	GrdA
K10793	460	597	276	73	51768.3333333333	PrdA
