score	conc	pathway	name	residuals
C00140	8.248	11.3729781160799	Carbohydrate	N-Acetyl-D-glucosamine	49.1298742080834
C00148	6.411	7.87504326756663	Amino Acid	L-Proline	20.9490339336224
C01077	1	3.20272904483431	Amino Acid	O-Acetyl-L-homoserine	2.53296616192034
