score	conc	pathway	name	residuals
C00095	0.807	5.92417061611374	Carbohydrate	D-Fructose	2.85210518975082
C00148	3.74	14.4393939393939	Amino Acid	L-Proline	21.4688905743653
C00188	3.358	11.8905645784996	Amino Acid	L-Threonine	13.4465542039685
