score	conc	pathway	name	residuals
C00064	2.05	2.88293216630197	Amino Acid	L-Glutamine	1.85077237323168
C00141	0.585	3.1174575278266	Amino Acid	3-Methyl-2-oxobutanoic acid	2.79303334989475
C00147	-3.573	2.68198647778493	Nucleotide	Adenine	2.14029609571128
C00148	6.796	8.53236307927997	Amino Acid	L-Proline	44.8956397744008
C00183	4.858	3.4094111391732	Amino Acid	L-Valine	2.9970889264742
C00330	4.087	0.310049751243781	Nucleotide	Deoxyguanosine	1.68134778242734
C00385	-3.015	3.71996147363352	Nucleotide	Xanthine	6.05619560705478
