mouse	cage	cefoperazone_percent_spores	clindamycin_percent_spores	streptomycin_percent_spores	gnotobiotic_percent_spores
1	1	0	1.386363636	0.558333333	1.96
2	1	0.12	0.011904762	6	0.7125
3	1	1.1625	0.05	0.314285714	1.657142857
4	2	0	0.402597403	0.021333333	1.5625
5	2	0	0.057142857	0.013333333	0.347368421
6	2	0.72	0.021276596	0.027777778	1.172222222
7	3	0	1.058333333	0	1.691666667
8	3	0.002	0.473333333	0.3	1.46
9	3	3.25	0.397368421	0.023333333	3.6